{"cameraMode":{"drawMode":0,"name":"Shaded","section":"Shading Mode"},"sceneLighting":false,"audioPlay":false,"sceneViewState":{"showFog":true,"showMaterialUpdate":false,"showSkybox":true,"showFlares":true,"showImageEffects":true,"showParticleSystems":true},"in2DMode":false,"pivot":{"x":-13.152925491333008,"y":-0.7467650771141052,"z":4.109970569610596},"rotation":{"x":-0.01854504644870758,"y":0.5860669016838074,"z":-0.0132767828181386,"w":-0.8100317120552063},"size":10.0,"orthographic":false}