{"cameraMode":{"drawMode":0,"name":"Shaded","section":"Shading Mode"},"sceneLighting":false,"audioPlay":false,"sceneViewState":{"showFog":true,"showMaterialUpdate":false,"showSkybox":false,"showFlares":true,"showImageEffects":true,"showParticleSystems":true},"in2DMode":false,"pivot":{"x":-7.590796947479248,"y":2.1207032203674318,"z":5.849816799163818},"rotation":{"x":0.28617921471595766,"y":0.34646427631378176,"z":-0.11188598722219467,"w":0.8863745331764221},"size":1.4682321548461915,"orthographic":false}